r_um,r_inner_um,r_outer_um,density,g_r,n_center_particles,average_density
0.25,0.0,0.5,0.0,0.0,8692,0.02078414271714599
0.75,0.5,1.0,0.0,0.0,8692,0.02078414271714599
1.25,1.0,1.5,0.0,0.0,8692,0.02078414271714599
1.75,1.5,2.0,0.0,0.0,8692,0.02078414271714599
2.25,2.0,2.5,0.0,0.0,8692,0.02078414271714599
2.75,2.5,3.0,0.0,0.0,8692,0.02078414271714599
3.25,3.0,3.5,0.0,0.0,8692,0.02078414271714599
3.75,3.5,4.0,0.0,0.0,8692,0.02078414271714599
4.25,4.0,4.5,0.0,0.0,8692,0.02078414271714599
4.75,4.5,5.0,0.0,0.0,8692,0.02078414271714599
5.25,5.0,5.5,0.0,0.0,8692,0.02078414271714599
5.75,5.5,6.0,0.0,0.0,8692,0.02078414271714599
6.25,6.0,6.5,0.29923254565452445,14.397156030287983,8692,0.02078414271714599
6.75,6.5,7.0,0.0,0.0,8692,0.02078414271714599
7.25,7.0,7.5,0.0,0.0,8692,0.02078414271714599
7.75,7.5,8.0,0.0,0.0,8692,0.02078414271714599
8.25,8.0,8.5,0.0,0.0,8692,0.02078414271714599
8.75,8.5,9.0,0.0,0.0,8692,0.02078414271714599
9.25,9.0,9.5,0.0,0.0,8692,0.02078414271714599
9.75,9.5,10.0,0.0,0.0,8692,0.02078414271714599
10.25,10.0,10.5,0.0,0.0,8692,0.02078414271714599
10.75,10.5,11.0,0.17132861834889462,8.243237196767137,8692,0.02078414271714599
11.25,11.0,11.5,0.0,0.0,8692,0.02078414271714599
11.75,11.5,12.0,0.0,0.0,8692,0.02078414271714599
12.25,12.0,12.5,0.14942875439034634,7.189555827437341,8692,0.02078414271714599
12.75,12.5,13.0,0.0,0.0,8692,0.02078414271714599
13.25,13.0,13.5,0.0,0.0,8692,0.02078414271714599
13.75,13.5,14.0,0.0,0.0,8692,0.02078414271714599
14.25,14.0,14.5,0.0,0.0,8692,0.02078414271714599
14.75,14.5,15.0,0.0,0.0,8692,0.02078414271714599
15.25,15.0,15.5,0.0,0.0,8692,0.02078414271714599
15.75,15.5,16.0,0.0,0.0,8692,0.02078414271714599
16.25,16.0,16.5,0.22226794721673537,10.694111864107546,8692,0.02078414271714599
16.75,16.5,17.0,0.0,0.0,8692,0.02078414271714599
17.25,17.0,17.5,0.0,0.0,8692,0.02078414271714599
17.75,17.5,18.0,0.0,0.0,8692,0.02078414271714599
18.25,18.0,18.5,0.0,0.0,8692,0.02078414271714599
18.75,18.5,19.0,0.0955211104208982,4.595864824489371,8692,0.02078414271714599
19.25,19.0,19.5,0.0,0.0,8692,0.02078414271714599
19.75,19.5,20.0,0.0,0.0,8692,0.02078414271714599
20.25,20.0,20.5,0.0,0.0,8692,0.02078414271714599
20.75,20.5,21.0,0.0,0.0,8692,0.02078414271714599
21.25,21.0,21.5,0.08353532719483144,4.019185603740034,8692,0.02078414271714599
21.75,21.5,22.0,0.0,0.0,8692,0.02078414271714599
22.25,22.0,22.5,0.15894952895957934,7.647634599258841,8692,0.02078414271714599
22.75,22.5,23.0,0.0,0.0,8692,0.02078414271714599
23.25,23.0,23.5,0.0,0.0,8692,0.02078414271714599
23.75,23.5,24.0,0.0,0.0,8692,0.02078414271714599
24.25,24.0,24.5,0.0,0.0,8692,0.02078414271714599
24.75,24.5,25.0,0.07078406652316652,3.405676504750558,8692,0.02078414271714599
25.25,25.0,25.5,0.0,0.0,8692,0.02078414271714599
25.75,25.5,26.0,0.0,0.0,8692,0.02078414271714599
26.25,26.0,26.5,0.0,0.0,8692,0.02078414271714599
26.75,26.5,27.0,0.1301429431906147,6.261645955849436,8692,0.02078414271714599
27.25,27.0,27.5,0.0,0.0,8692,0.02078414271714599
27.75,27.5,28.0,0.0,0.0,8692,0.02078414271714599
28.25,28.0,28.5,0.12249890807596886,5.893863881858006,8692,0.02078414271714599
28.75,28.5,29.0,0.0,0.0,8692,0.02078414271714599
29.25,29.0,29.5,0.0,0.0,8692,0.02078414271714599
29.75,29.5,30.0,0.0,0.0,8692,0.02078414271714599
30.25,30.0,30.5,0.0,0.0,8692,0.02078414271714599
30.75,30.5,31.0,0.05570526735881638,2.6801811417923926,8692,0.02078414271714599
31.25,31.0,31.5,0.0,0.0,8692,0.02078414271714599
31.75,31.5,32.0,0.0,0.0,8692,0.02078414271714599
32.25,32.0,32.5,0.05302120143621693,2.5510410584544725,8692,0.02078414271714599
32.75,32.5,33.0,0.10409017812563062,5.008153549665576,8692,0.02078414271714599
33.25,33.0,33.5,0.0,0.0,8692,0.02078414271714599
33.75,33.5,34.0,0.0,0.0,8692,0.02078414271714599
34.25,34.0,34.5,0.09880861430641448,4.754038482660234,8692,0.02078414271714599
34.75,34.5,35.0,0.0,0.0,8692,0.02078414271714599
35.25,35.0,35.5,0.0,0.0,8692,0.02078414271714599
35.75,35.5,36.0,0.0,0.0,8692,0.02078414271714599
36.25,36.0,36.5,0.0,0.0,8692,0.02078414271714599
36.75,36.5,37.0,0.0,0.0,8692,0.02078414271714599
37.25,37.0,37.5,0.04494661191078771,2.1625434602943114,8692,0.02078414271714599
37.75,37.5,38.0,0.08882482910956656,4.273682601125041,8692,0.02078414271714599
38.25,38.0,38.5,0.0,0.0,8692,0.02078414271714599
38.75,38.5,39.0,0.08607512120386003,4.141384245444576,8692,0.02078414271714599
39.25,39.0,39.5,0.0,0.0,8692,0.02078414271714599
39.75,39.5,40.0,0.0,0.0,8692,0.02078414271714599
40.25,40.0,40.5,0.0,0.0,8692,0.02078414271714599
40.75,40.5,41.0,0.08118189383534707,3.9059534444197035,8692,0.02078414271714599
41.25,41.0,41.5,0.0,0.0,8692,0.02078414271714599
41.75,41.5,42.0,0.0,0.0,8692,0.02078414271714599
42.25,42.0,42.5,0.0,0.0,8692,0.02078414271714599
42.75,42.5,43.0,0.03850604744197262,1.8526646956771928,8692,0.02078414271714599
43.25,43.0,43.5,0.11372878030223536,5.471901432259421,8692,0.02078414271714599
43.75,43.5,44.0,0.0,0.0,8692,0.02078414271714599
44.25,44.0,44.5,0.0,0.0,8692,0.02078414271714599
44.75,44.5,45.0,0.07287782267194942,3.506414657739454,8692,0.02078414271714599
45.25,45.0,45.5,0.0,0.0,8692,0.02078414271714599
45.75,45.5,46.0,0.0,0.0,8692,0.02078414271714599
46.25,46.0,46.5,0.0,0.0,8692,0.02078414271714599
46.75,46.5,47.0,0.06914742360024381,3.326931716226153,8692,0.02078414271714599
47.25,47.0,47.5,0.0,0.0,8692,0.02078414271714599
47.75,47.5,48.0,0.0,0.0,8692,0.02078414271714599
48.25,48.0,48.5,0.06687327675399486,3.217514316759738,8692,0.02078414271714599
48.75,48.5,49.0,0.0,0.0,8692,0.02078414271714599
49.25,49.0,49.5,0.09764403884976088,4.6980065609927175,8692,0.02078414271714599
49.75,49.5,50.0,0.0,0.0,8692,0.02078414271714599
50.25,50.0,50.5,0.0,0.0,8692,0.02078414271714599
50.75,50.5,51.0,0.06280395431071217,3.0217245505585235,8692,0.02078414271714599
51.25,51.0,51.5,0.0,0.0,8692,0.02078414271714599
51.75,51.5,52.0,0.0,0.0,8692,0.02078414271714599
52.25,52.0,52.5,0.0,0.0,8692,0.02078414271714599
52.75,52.5,53.0,0.05985620721118749,2.8798978156461943,8692,0.02078414271714599
53.25,53.0,53.5,0.01950290785000907,0.9383551737219376,8692,0.02078414271714599
53.75,53.5,54.0,0.06887077939467844,3.313621366632703,8692,0.02078414271714599
54.25,54.0,54.5,0.0,0.0,8692,0.02078414271714599
54.75,54.5,55.0,0.05732182811223534,2.757959704777594,8692,0.02078414271714599
55.25,55.0,55.5,0.0,0.0,8692,0.02078414271714599
55.75,55.5,56.0,0.027991120931437786,1.3467536916182914,8692,0.02078414271714599
56.25,56.0,56.5,0.0,0.0,8692,0.02078414271714599
56.75,56.5,57.0,0.054867987564826595,2.63989659383752,8692,0.02078414271714599
57.25,57.0,57.5,0.0,0.0,8692,0.02078414271714599
57.75,57.5,58.0,0.0,0.0,8692,0.02078414271714599
58.25,58.0,58.5,0.0,0.0,8692,0.02078414271714599
58.75,58.5,59.0,0.10524846309438997,5.063882813293265,8692,0.02078414271714599
59.25,59.0,59.5,0.0,0.0,8692,0.02078414271714599
59.75,59.5,60.0,0.05166441870763449,2.4857613523320183,8692,0.02078414271714599
60.25,60.0,60.5,0.0,0.0,8692,0.02078414271714599
60.75,60.5,61.0,0.05047636524686213,2.4285998192853717,8692,0.02078414271714599
61.25,61.0,61.5,0.0,0.0,8692,0.02078414271714599
61.75,61.5,62.0,0.024666361187526735,1.1867875198517612,8692,0.02078414271714599
62.25,62.0,62.5,0.0,0.0,8692,0.02078414271714599
62.75,62.5,63.0,0.048450823214799446,2.3311436932556124,8692,0.02078414271714599
63.25,63.0,63.5,0.0,0.0,8692,0.02078414271714599
63.75,63.5,64.0,0.0,0.0,8692,0.02078414271714599
64.25,64.0,64.5,0.07087120689648133,3.409869142113605,8692,0.02078414271714599
64.75,64.5,65.0,0.0,0.0,8692,0.02078414271714599
65.25,65.0,65.5,0.09232566334104916,4.442120350957974,8692,0.02078414271714599
65.75,65.5,66.0,0.0,0.0,8692,0.02078414271714599
66.25,66.0,66.5,0.0,0.0,8692,0.02078414271714599
66.75,66.5,67.0,0.044861547390997035,2.158450699724471,8692,0.02078414271714599
67.25,67.0,67.5,0.0,0.0,8692,0.02078414271714599
67.75,67.5,68.0,0.021931569950138237,1.0552068588350132,8692,0.02078414271714599
68.25,68.0,68.5,0.0,0.0,8692,0.02078414271714599
68.75,68.5,69.0,0.043154811178804334,2.0763334704781227,8692,0.02078414271714599
69.25,69.0,69.5,0.0,0.0,8692,0.02078414271714599
69.75,69.5,70.0,0.042673676538422106,2.0531843492018664,8692,0.02078414271714599
70.25,70.0,70.5,0.042202075257804283,2.0304939122165213,8692,0.02078414271714599
70.75,70.5,71.0,0.0,0.0,8692,0.02078414271714599
71.25,71.0,71.5,0.08252764539860255,3.9707024014284182,8692,0.02078414271714599
71.75,71.5,72.0,0.0,0.0,8692,0.02078414271714599
72.25,72.0,72.5,0.0,0.0,8692,0.02078414271714599
72.75,72.5,73.0,0.040170871328831834,1.9327653719242728,8692,0.02078414271714599
73.25,73.0,73.5,0.0,0.0,8692,0.02078414271714599
73.75,73.5,74.0,0.0,0.0,8692,0.02078414271714599
74.25,74.0,74.5,0.019514426557043753,0.9389093802240503,8692,0.02078414271714599
74.75,74.5,75.0,0.058223220347938955,2.8013289333270115,8692,0.02078414271714599
75.25,75.0,75.5,0.03867470419310073,1.8607793797141232,8692,0.02078414271714599
75.75,75.5,76.0,0.0382318298215999,1.8394710978413533,8692,0.02078414271714599
76.25,76.0,76.5,0.0,0.0,8692,0.02078414271714599
76.75,76.5,77.0,0.0,0.0,8692,0.02078414271714599
77.25,77.0,77.5,0.07424880502432266,3.5723775589296114,8692,0.02078414271714599
77.75,77.5,78.0,0.0,0.0,8692,0.02078414271714599
78.25,78.0,78.5,0.0,0.0,8692,0.02078414271714599
78.75,78.5,79.0,0.036197755405261274,1.7416044480583623,8692,0.02078414271714599
79.25,79.0,79.5,0.0,0.0,8692,0.02078414271714599
79.75,79.5,80.0,0.0,0.0,8692,0.02078414271714599
80.25,80.0,80.5,0.053162170557439346,2.5578235908466374,8692,0.02078414271714599
80.75,80.5,81.0,0.03521322659308684,1.694235219239401,8692,0.02078414271714599
81.25,81.0,81.5,0.034721562875356084,1.670579506111279,8692,0.02078414271714599
81.75,81.5,82.0,0.03458267197008431,1.6638969641771728,8692,0.02078414271714599
82.25,82.0,82.5,0.0,0.0,8692,0.02078414271714599
82.75,82.5,83.0,0.0,0.0,8692,0.02078414271714599
83.25,83.0,83.5,0.03369031976451015,1.620962684052258,8692,0.02078414271714599
83.75,83.5,84.0,0.033284522546552744,1.601438317640809,8692,0.02078414271714599
84.25,84.0,84.5,0.0,0.0,8692,0.02078414271714599
84.75,84.5,85.0,0.032793254665273795,1.5778016496307459,8692,0.02078414271714599
85.25,85.0,85.5,0.0,0.0,8692,0.02078414271714599
85.75,85.5,86.0,0.048825523028887874,2.3491718515100937,8692,0.02078414271714599
86.25,86.0,86.5,0.04814162188901452,2.3162669032916052,8692,0.02078414271714599
86.75,86.5,87.0,0.0,0.0,8692,0.02078414271714599
87.25,87.0,87.5,0.03150521302324437,1.5158293248849746,8692,0.02078414271714599
87.75,87.5,88.0,0.03142503149421312,1.511971502596009,8692,0.02078414271714599
88.25,88.0,88.5,0.0,0.0,8692,0.02078414271714599
88.75,88.5,89.0,0.0,0.0,8692,0.02078414271714599
89.25,89.0,89.5,0.030635890283317018,1.4740030753370346,8692,0.02078414271714599
89.75,89.5,90.0,0.03025383416077454,1.4556209785750016,8692,0.02078414271714599
90.25,90.0,90.5,0.0,0.0,8692,0.02078414271714599
90.75,90.5,91.0,0.0,0.0,8692,0.02078414271714599
91.25,91.0,91.5,0.08947663770143348,4.305043461216192,8692,0.02078414271714599
91.75,91.5,92.0,0.0,0.0,8692,0.02078414271714599
92.25,92.0,92.5,0.029356131986641658,1.412429292184573,8692,0.02078414271714599
92.75,92.5,93.0,0.014447701669135553,0.6951309883576214,8692,0.02078414271714599
93.25,93.0,93.5,0.05753199495508345,2.7680715889052343,8692,0.02078414271714599
93.75,93.5,94.0,0.0,0.0,8692,0.02078414271714599
94.25,94.0,94.5,0.0,0.0,8692,0.02078414271714599
94.75,94.5,95.0,0.0,0.0,8692,0.02078414271714599
95.25,95.0,95.5,0.027971653972728022,1.3458170660872462,8692,0.02078414271714599
95.75,95.5,96.0,0.02760603097798693,1.3282256263191066,8692,0.02078414271714599
96.25,96.0,96.5,0.04163685552050093,2.003299153933945,8692,0.02078414271714599
96.75,96.5,97.0,0.0,0.0,8692,0.02078414271714599
97.25,97.0,97.5,0.0544365359446282,2.619137901690816,8692,0.02078414271714599
97.75,97.5,98.0,0.0,0.0,8692,0.02078414271714599
98.25,98.0,98.5,0.026869292562133603,1.2927784863586236,8692,0.02078414271714599
98.75,98.5,99.0,0.013204917774422271,0.6353361769176461,8692,0.02078414271714599
99.25,99.0,99.5,0.05263845038466728,2.532625526153788,8692,0.02078414271714599
99.75,99.5,100.0,0.0,0.0,8692,0.02078414271714599
100.25,100.0,100.5,0.0,0.0,8692,0.02078414271714599
100.75,100.5,101.0,0.0,0.0,8692,0.02078414271714599
101.25,101.0,101.5,0.025621732101134234,1.232753857102677,8692,0.02078414271714599
101.75,101.5,102.0,0.02569739758500122,1.236394396185608,8692,0.02078414271714599
102.25,102.0,102.5,0.050635565686626166,2.436259526107569,8692,0.02078414271714599
102.75,102.5,103.0,0.025216325081318595,1.213248264529874,8692,0.02078414271714599
103.25,103.0,103.5,0.024849456297924125,1.1955968853805277,8692,0.02078414271714599
103.75,103.5,104.0,0.02479253550282038,1.1928582208188767,8692,0.02078414271714599
104.25,104.0,104.5,0.0,0.0,8692,0.02078414271714599
104.75,104.5,105.0,0.0,0.0,8692,0.02078414271714599
105.25,105.0,105.5,0.036278804475154545,1.7455040108643092,8692,0.02078414271714599
105.75,105.5,106.0,0.023964152485249347,1.153001728836282,8692,0.02078414271714599
106.25,106.0,106.5,0.0,0.0,8692,0.02078414271714599
106.75,106.5,107.0,0.007904758463410556,0.38032641379475723,8692,0.02078414271714599
107.25,107.0,107.5,0.05138794693124251,2.472459298927434,8692,0.02078414271714599
107.75,107.5,108.0,0.023581884632396938,1.1346094449660864,8692,0.02078414271714599
108.25,108.0,108.5,0.02309808690447199,1.1113321929519422,8692,0.02078414271714599
108.75,108.5,109.0,0.023213489255390084,1.1168846158970989,8692,0.02078414271714599
109.25,109.0,109.5,0.022839729520834767,1.098901688256452,8692,0.02078414271714599
109.75,109.5,110.0,0.022821105895169728,1.098005638517067,8692,0.02078414271714599
110.25,110.0,110.5,0.0,0.0,8692,0.02078414271714599
110.75,110.5,111.0,0.0,0.0,8692,0.02078414271714599
111.25,111.0,111.5,0.03338262734675526,1.6061584930907968,8692,0.02078414271714599
111.75,111.5,112.0,0.02204167532519501,1.060504425184283,8692,0.02078414271714599
112.25,112.0,112.5,0.022245627482278957,1.070317298385721,8692,0.02078414271714599
112.75,112.5,113.0,0.022079412402553338,1.0623200919583182,8692,0.02078414271714599
113.25,113.0,113.5,0.04353697924738612,2.094720953367495,8692,0.02078414271714599
113.75,113.5,114.0,0.0,0.0,8692,0.02078414271714599
114.25,114.0,114.5,0.04277764341371476,2.0581865702079267,8692,0.02078414271714599
114.75,114.5,115.0,0.0,0.0,8692,0.02078414271714599
115.25,115.0,115.5,0.02103925846022475,1.0122745376872484,8692,0.02078414271714599
115.75,115.5,116.0,0.021054057758725098,1.0129865852661049,8692,0.02078414271714599
116.25,116.0,116.5,0.0,0.0,8692,0.02078414271714599
116.75,116.5,117.0,0.0,0.0,8692,0.02078414271714599
117.25,117.0,117.5,0.030788483225133743,1.4813448716234332,8692,0.02078414271714599
117.75,117.5,118.0,0.05136663975802275,2.4714341340452575,8692,0.02078414271714599
118.25,118.0,118.5,0.020514784595200095,0.9870402101442612,8692,0.02078414271714599
118.75,118.5,119.0,0.0,0.0,8692,0.02078414271714599
119.25,119.0,119.5,0.040214375472446565,1.9348585130370328,8692,0.02078414271714599
119.75,119.5,120.0,0.0,0.0,8692,0.02078414271714599
120.25,120.0,120.5,0.01988789450936056,0.9568782691697905,8692,0.02078414271714599
120.75,120.5,121.0,0.019535596989353997,0.9399279660083358,8692,0.02078414271714599
121.25,121.0,121.5,0.0,0.0,8692,0.02078414271714599
121.75,121.5,122.0,0.03880262316063008,1.8669340221870034,8692,0.02078414271714599
122.25,122.0,122.5,0.0,0.0,8692,0.02078414271714599
122.75,122.5,123.0,0.0,0.0,8692,0.02078414271714599
123.25,123.0,123.5,0.05759987279960869,2.771337436597342,8692,0.02078414271714599
123.75,123.5,124.0,0.009388943957771947,0.45173592606379126,8692,0.02078414271714599
124.25,124.0,124.5,0.03769941210303072,1.8138545628793428,8692,0.02078414271714599
124.75,124.5,125.0,0.018797642905631153,0.9044223358860953,8692,0.02078414271714599
125.25,125.0,125.5,0.018491596356575168,0.8896973335984855,8692,0.02078414271714599
125.75,125.5,126.0,0.0,0.0,8692,0.02078414271714599
126.25,126.0,126.5,0.01841591183500173,0.8860558785428964,8692,0.02078414271714599
126.75,126.5,127.0,0.018053157204624977,0.8686024461202303,8692,0.02078414271714599
127.25,127.0,127.5,0.0,0.0,8692,0.02078414271714599
127.75,127.5,128.0,0.03590682201829111,1.7276065944576864,8692,0.02078414271714599
128.25,128.0,128.5,0.009060078473013575,0.4359130225534592,8692,0.02078414271714599
128.75,128.5,129.0,0.03597953114943932,1.7311048927583532,8692,0.02078414271714599
129.25,129.0,129.5,0.01760932323137696,0.8472479943495602,8692,0.02078414271714599
129.75,129.5,130.0,0.026390668259042332,1.2697501464552208,8692,0.02078414271714599
130.25,130.0,130.5,0.017293042028917627,0.8320305660070183,8692,0.02078414271714599
130.75,130.5,131.0,0.017435315465589952,0.8388758537154671,8692,0.02078414271714599
131.25,131.0,131.5,0.017122777267789248,0.8238385148146486,8692,0.02078414271714599
131.75,131.5,132.0,0.0,0.0,8692,0.02078414271714599
132.25,132.0,132.5,0.01707693893533226,0.8216330674656379,8692,0.02078414271714599
132.75,132.5,133.0,0.0167130000433128,0.804122655947956,8692,0.02078414271714599
133.25,133.0,133.5,0.0,0.0,8692,0.02078414271714599
133.75,133.5,134.0,0.05021430478761149,2.4159911462784045,8692,0.02078414271714599
134.25,134.0,134.5,0.01683290065248783,0.8098915063069422,8692,0.02078414271714599
134.75,134.5,135.0,0.016688358106096028,0.8029370435533469,8692,0.02078414271714599
135.25,135.0,135.5,0.03284009778539194,1.5800554409348009,8692,0.02078414271714599
135.75,135.5,136.0,0.008045831642345253,0.3871139527784228,8692,0.02078414271714599
136.25,136.0,136.5,0.016022934325780322,0.7709211076847599,8692,0.02078414271714599
136.75,136.5,137.0,0.016192534126323144,0.77908116522723,8692,0.02078414271714599
137.25,137.0,137.5,0.0,0.0,8692,0.02078414271714599
137.75,137.5,138.0,0.03173360298833954,1.526817989089381,8692,0.02078414271714599
138.25,138.0,138.5,0.0,0.0,8692,0.02078414271714599
138.75,138.5,139.0,0.0,0.0,8692,0.02078414271714599
139.25,139.0,139.5,0.03921748637595509,1.8868945864003528,8692,0.02078414271714599
139.75,139.5,140.0,0.046615963833228365,2.2428619966496033,8692,0.02078414271714599
140.25,140.0,140.5,0.015586321055788572,0.7499140699669345,8692,0.02078414271714599
140.75,140.5,141.0,0.0,0.0,8692,0.02078414271714599
141.25,141.0,141.5,0.015357739237447576,0.738916175011545,8692,0.02078414271714599
141.75,141.5,142.0,0.015108752363195246,0.72693651928839,8692,0.02078414271714599
142.25,142.0,142.5,0.03741666349725155,1.8002505085949236,8692,0.02078414271714599
142.75,142.5,143.0,0.0,0.0,8692,0.02078414271714599
143.25,143.0,143.5,0.0,0.0,8692,0.02078414271714599
143.75,143.5,144.0,0.02948574551679071,1.4186654661712983,8692,0.02078414271714599
144.25,144.0,144.5,0.014921548060487776,0.7179294457104629,8692,0.02078414271714599
144.75,144.5,145.0,0.014832052528640094,0.7136234931837873,8692,0.02078414271714599
145.25,145.0,145.5,0.02905113649274463,1.3977548599480478,8692,0.02078414271714599
145.75,145.5,146.0,0.014423721962140009,0.6939772382452456,8692,0.02078414271714599
146.25,146.0,146.5,0.028747317632791418,1.3831370398104592,8692,0.02078414271714599
146.75,146.5,147.0,0.0,0.0,8692,0.02078414271714599
147.25,147.0,147.5,0.014297186424091144,0.6878891575497412,8692,0.02078414271714599
147.75,147.5,148.0,0.014047026730684765,0.6758530732709315,8692,0.02078414271714599
148.25,148.0,148.5,0.020970818445886646,1.0089816419797126,8692,0.02078414271714599
148.75,148.5,149.0,0.013770392775654857,0.6625432168676795,8692,0.02078414271714599
149.25,149.0,149.5,0.0,0.0,8692,0.02078414271714599
149.75,149.5,150.0,0.04841943611769098,2.329633546913008,8692,0.02078414271714599
150.25,150.0,150.5,0.013893739425698264,0.6684778686703565,8692,0.02078414271714599
150.75,150.5,151.0,0.013772342907814063,0.6626370447529931,8692,0.02078414271714599
151.25,151.0,151.5,0.013329693844889015,0.6413396032876839,8692,0.02078414271714599
151.75,151.5,152.0,0.027004527778430758,1.2992851399231986,8692,0.02078414271714599
152.25,152.0,152.5,0.013231076900380804,0.636594786729681,8692,0.02078414271714599
152.75,152.5,153.0,0.013364237207099137,0.64300160891766,8692,0.02078414271714599
153.25,153.0,153.5,0.0,0.0,8692,0.02078414271714599
153.75,153.5,154.0,0.013071978839352603,0.6289400057173782,8692,0.02078414271714599
154.25,154.0,154.5,0.019525414225277846,0.9394380365359141,8692,0.02078414271714599
154.75,154.5,155.0,0.012812844729300688,0.6164721299152099,8692,0.02078414271714599
155.25,155.0,155.5,0.026280135201104705,1.2644320027414346,8692,0.02078414271714599
155.75,155.5,156.0,0.03855622113879647,1.8550787330280074,8692,0.02078414271714599
156.25,156.0,156.5,0.0,0.0,8692,0.02078414271714599
156.75,156.5,157.0,0.012855443078706926,0.6185216900046475,8692,0.02078414271714599
157.25,157.0,157.5,0.0,0.0,8692,0.02078414271714599
157.75,157.5,158.0,0.03753247635988204,1.8058226827378079,8692,0.02078414271714599
158.25,158.0,158.5,0.012315617718501797,0.5925487467107298,8692,0.02078414271714599
158.75,158.5,159.0,0.012459548108085574,0.5994737563944363,8692,0.02078414271714599
159.25,159.0,159.5,0.0,0.0,8692,0.02078414271714599
159.75,159.5,160.0,0.012175217758529085,0.5857935987172121,8692,0.02078414271714599
160.25,160.0,160.5,0.017051909340592458,0.8204288034707052,8692,0.02078414271714599
160.75,160.5,161.0,0.04392912837191353,2.113588660824291,8692,0.02078414271714599
161.25,161.0,161.5,0.0,0.0,8692,0.02078414271714599
161.75,161.5,162.0,0.024122710818758848,1.1606305416127982,8692,0.02078414271714599
162.25,162.0,162.5,0.02384160403442845,1.1471054812744423,8692,0.02078414271714599
162.75,162.5,163.0,0.0,0.0,8692,0.02078414271714599
163.25,163.0,163.5,0.01185540806684728,0.5704064020435684,8692,0.02078414271714599
163.75,163.5,164.0,0.023170962576461458,1.1148385041325977,8692,0.02078414271714599
164.25,164.0,164.5,0.011471501027198877,0.5519352509899482,8692,0.02078414271714599
164.75,164.5,165.0,0.011626534342905488,0.5593944624578677,8692,0.02078414271714599
165.25,165.0,165.5,0.0,0.0,8692,0.02078414271714599
165.75,165.5,166.0,0.023017764387727454,1.107467587236053,8692,0.02078414271714599
166.25,166.0,166.5,0.023004934551034424,1.1068502975615337,8692,0.02078414271714599
166.75,166.5,167.0,0.017079078021865726,0.8217359866267782,8692,0.02078414271714599
167.25,167.0,167.5,0.022487672038827088,1.0819629341880799,8692,0.02078414271714599
167.75,167.5,168.0,0.011150500196113024,0.536490744307407,8692,0.02078414271714599
168.25,168.0,168.5,0.022244740277876974,1.0702746117849766,8692,0.02078414271714599
168.75,168.5,169.0,0.0,0.0,8692,0.02078414271714599
169.25,169.0,169.5,0.01107115291238776,0.5326730605662438,8692,0.02078414271714599
169.75,169.5,170.0,0.021595085083211292,1.03901735939276,8692,0.02078414271714599
170.25,170.0,170.5,0.0,0.0,8692,0.02078414271714599
170.75,170.5,171.0,0.021510653780598125,1.0349550651830732,8692,0.02078414271714599
171.25,171.0,171.5,0.016480577949507434,0.7929399915018719,8692,0.02078414271714599
171.75,171.5,172.0,0.021484355117202508,1.0336897417221291,8692,0.02078414271714599
172.25,172.0,172.5,0.021443679014453324,1.0317326678460135,8692,0.02078414271714599
172.75,172.5,173.0,0.015879534780281958,0.7640216388228537,8692,0.02078414271714599
173.25,173.0,173.5,0.01032340745253418,0.4966963320559683,8692,0.02078414271714599
173.75,173.5,174.0,0.02094363405094707,1.0076737027825307,8692,0.02078414271714599
174.25,174.0,174.5,0.01024987008270706,0.49315818420797186,8692,0.02078414271714599
174.75,174.5,175.0,0.0,0.0,8692,0.02078414271714599
175.25,175.0,175.5,0.010343106363858125,0.497644117663103,8692,0.02078414271714599
175.75,175.5,176.0,0.010133631032960708,0.4875655046672151,8692,0.02078414271714599
176.25,176.0,176.5,0.009970228946807273,0.4797036414969513,8692,0.02078414271714599
176.75,176.5,177.0,0.04075318362727456,1.9607825149148441,8692,0.02078414271714599
177.25,177.0,177.5,0.010245409659684939,0.49294357718362536,8692,0.02078414271714599
177.75,177.5,178.0,0.01014900682034622,0.488305289203665,8692,0.02078414271714599
178.25,178.0,178.5,0.0197528844320773,0.9503824478544429,8692,0.02078414271714599
178.75,178.5,179.0,0.010007813080271368,0.48151194958911486,8692,0.02078414271714599
179.25,179.0,179.5,0.014436157208271143,0.6945755427459588,8692,0.02078414271714599
179.75,179.5,180.0,0.009855150116383245,0.47416678428854253,8692,0.02078414271714599
180.25,180.0,180.5,0.019232587253628287,0.9253490757529422,8692,0.02078414271714599
180.75,180.5,181.0,0.0,0.0,8692,0.02078414271714599
181.25,181.0,181.5,0.009664878056106559,0.4650121098395589,8692,0.02078414271714599
181.75,181.5,182.0,0.004892696491891498,0.235405258637646,8692,0.02078414271714599
182.25,182.0,182.5,0.03817649658281517,1.836808816334833,8692,0.02078414271714599
182.75,182.5,183.0,0.028349016765971676,1.3639733498647024,8692,0.02078414271714599
183.25,183.0,183.5,0.0,0.0,8692,0.02078414271714599
183.75,183.5,184.0,0.009499897681410003,0.457074309520258,8692,0.02078414271714599
184.25,184.0,184.5,0.01842545156498415,0.8865148693279503,8692,0.02078414271714599
184.75,184.5,185.0,0.009362838056006835,0.4504798770594907,8692,0.02078414271714599
185.25,185.0,185.5,0.004486698092316863,0.21587121265365145,8692,0.02078414271714599
185.75,185.5,186.0,0.018157567349915815,0.8736259944431882,8692,0.02078414271714599
186.25,186.0,186.5,0.00902786434275767,0.4343630846659884,8692,0.02078414271714599
186.75,186.5,187.0,0.017939138280697976,0.8631165848326757,8692,0.02078414271714599
187.25,187.0,187.5,0.018420510001538243,0.8862771129040672,8692,0.02078414271714599
187.75,187.5,188.0,0.009125840040585458,0.4390770485355187,8692,0.02078414271714599
188.25,188.0,188.5,0.035353482192535056,1.7009834215278945,8692,0.02078414271714599
188.75,188.5,189.0,0.0,0.0,8692,0.02078414271714599
189.25,189.0,189.5,0.017521795817469907,0.8430367350689527,8692,0.02078414271714599
189.75,189.5,190.0,0.0,0.0,8692,0.02078414271714599
190.25,190.0,190.5,0.02596897800849055,1.2494611089764747,8692,0.02078414271714599
190.75,190.5,191.0,0.0,0.0,8692,0.02078414271714599
191.25,191.0,191.5,0.0,0.0,8692,0.02078414271714599
191.75,191.5,192.0,0.021121036455359395,1.0162091717131774,8692,0.02078414271714599
192.25,192.0,192.5,0.008422250990078015,0.405224843992725,8692,0.02078414271714599
192.75,192.5,193.0,0.038424862577039795,1.8487585992825675,8692,0.02078414271714599
193.25,193.0,193.5,0.008574253235584547,0.4125382197511168,8692,0.02078414271714599
193.75,193.5,194.0,0.0,0.0,8692,0.02078414271714599
194.25,194.0,194.5,0.024933828192394036,1.1996563212503704,8692,0.02078414271714599
194.75,194.5,195.0,0.008050474612930727,0.3873373428238368,8692,0.02078414271714599
195.25,195.0,195.5,0.016363969867069412,0.7873295564685411,8692,0.02078414271714599
195.75,195.5,196.0,0.0,0.0,8692,0.02078414271714599
196.25,196.0,196.5,0.024241535506796193,1.166347625528861,8692,0.02078414271714599
196.75,196.5,197.0,0.0,0.0,8692,0.02078414271714599
197.25,197.0,197.5,0.008071729927256239,0.3883600125877418,8692,0.02078414271714599
197.75,197.5,198.0,0.019869753459279226,0.9560054378806573,8692,0.02078414271714599
198.25,198.0,198.5,0.01603247165271142,0.7713799828503557,8692,0.02078414271714599
198.75,198.5,199.0,0.02372506260975639,1.1414982533864277,8692,0.02078414271714599
199.25,199.0,199.5,0.00803372098726191,0.3865312655226549,8692,0.02078414271714599
199.75,199.5,200.0,0.00794430424087035,0.3822291036481699,8692,0.02078414271714599
200.25,200.0,200.5,0.015359875708317457,0.7390189683236849,8692,0.02078414271714599
200.75,200.5,201.0,0.015324173630473194,0.7373012127092178,8692,0.02078414271714599
201.25,201.0,201.5,0.007471619705578468,0.3594865473770402,8692,0.02078414271714599
201.75,201.5,202.0,0.007697085776602404,0.3703345325016774,8692,0.02078414271714599
202.25,202.0,202.5,0.00752485816420186,0.3620480414616374,8692,0.02078414271714599
202.75,202.5,203.0,0.007401530164152919,0.3561142869773977,8692,0.02078414271714599
203.25,203.0,203.5,0.01915295842576779,0.9215178459089127,8692,0.02078414271714599
203.75,203.5,204.0,0.011309346218241784,0.5441333988200571,8692,0.02078414271714599
204.25,204.0,204.5,0.02216345417256037,1.0663636443506765,8692,0.02078414271714599
204.75,204.5,205.0,0.022104680208458915,1.0635358171508098,8692,0.02078414271714599
205.25,205.0,205.5,0.0,0.0,8692,0.02078414271714599
205.75,205.5,206.0,0.007433166471101822,0.3576364237034319,8692,0.02078414271714599
206.25,206.0,206.5,0.014324561805305417,0.6892062857848014,8692,0.02078414271714599
206.75,206.5,207.0,0.007319270305972178,0.352156468783969,8692,0.02078414271714599
207.25,207.0,207.5,0.006966909355809466,0.3352031137691369,8692,0.02078414271714599
207.75,207.5,208.0,0.01413968839177345,0.6803113596842673,8692,0.02078414271714599
208.25,208.0,208.5,0.007021389250148947,0.3378243377994424,8692,0.02078414271714599
208.75,208.5,209.0,0.021483914327350122,1.0336685337339824,8692,0.02078414271714599
209.25,209.0,209.5,0.014276367255374733,0.6868874723227034,8692,0.02078414271714599
209.75,209.5,210.0,0.0071615028775689525,0.3445657093020744,8692,0.02078414271714599
210.25,210.0,210.5,0.02400141229503588,1.1547944325476454,8692,0.02078414271714599
210.75,210.5,211.0,0.006888396909408795,0.3314255970599247,8692,0.02078414271714599
211.25,211.0,211.5,0.013660621038907677,0.6572617030597213,8692,0.02078414271714599
211.75,211.5,212.0,0.0,0.0,8692,0.02078414271714599
212.25,212.0,212.5,0.020239608671633186,0.9738005048885856,8692,0.02078414271714599
212.75,212.5,213.0,0.0,0.0,8692,0.02078414271714599
213.25,213.0,213.5,0.006492661001508933,0.31238531653041324,8692,0.02078414271714599
213.75,213.5,214.0,0.015802677628613395,0.7603237643079159,8692,0.02078414271714599
214.25,214.0,214.5,0.021157022005491286,1.0179405662008703,8692,0.02078414271714599
214.75,214.5,215.0,0.013237759268395415,0.6369162995342047,8692,0.02078414271714599
215.25,215.0,215.5,0.013320329150104088,0.6408890340767055,8692,0.02078414271714599
215.75,215.5,216.0,0.0,0.0,8692,0.02078414271714599
216.25,216.0,216.5,0.022421595756806217,1.078783766159833,8692,0.02078414271714599
216.75,216.5,217.0,0.006439863273544063,0.30984502758593274,8692,0.02078414271714599
217.25,217.0,217.5,0.012772198481600282,0.6145164924730713,8692,0.02078414271714599
217.75,217.5,218.0,0.0,0.0,8692,0.02078414271714599
218.25,218.0,218.5,0.006427487086069021,0.30924956460997693,8692,0.02078414271714599
218.75,218.5,219.0,0.01246260925692244,0.5996210392955656,8692,0.02078414271714599
219.25,219.0,219.5,0.012578181353641584,0.6051816293228753,8692,0.02078414271714599
219.75,219.5,220.0,0.025290789180797458,1.2168310006808067,8692,0.02078414271714599
220.25,220.0,220.5,0.012530052192052724,0.6028659619295238,8692,0.02078414271714599
220.75,220.5,221.0,0.006008274944476195,0.2890797578828997,8692,0.02078414271714599
221.25,221.0,221.5,0.012477723106720828,0.6003482210708293,8692,0.02078414271714599
221.75,221.5,222.0,0.006236520730574709,0.30006148511624,8692,0.02078414271714599
222.25,222.0,222.5,0.008890119369473185,0.4277356776490585,8692,0.02078414271714599
222.75,222.5,223.0,0.01800142794577401,0.8661135650749567,8692,0.02078414271714599
223.25,223.0,223.5,0.005822547209035867,0.2801437272768785,8692,0.02078414271714599
223.75,223.5,224.0,0.0,0.0,8692,0.02078414271714599
224.25,224.0,224.5,0.00602033220138729,0.289659875960185,8692,0.02078414271714599
224.75,224.5,225.0,0.02088495716392698,1.0048505463108575,8692,0.02078414271714599
225.25,225.0,225.5,0.012208990348048088,0.587418519695605,8692,0.02078414271714599
225.75,225.5,226.0,0.011547608060275067,0.5555970345964188,8692,0.02078414271714599
226.25,226.0,226.5,0.017376212061284545,0.8360321759602789,8692,0.02078414271714599
226.75,226.5,227.0,0.005940388188779542,0.28581348144222407,8692,0.02078414271714599
227.25,227.0,227.5,0.011370819406438712,0.5470910954175797,8692,0.02078414271714599
227.75,227.5,228.0,0.005849337629617847,0.28143271094806355,8692,0.02078414271714599
228.25,228.0,228.5,0.0,0.0,8692,0.02078414271714599
228.75,228.5,229.0,0.025153600160444885,1.21023034256276,8692,0.02078414271714599
229.25,229.0,229.5,0.0,0.0,8692,0.02078414271714599
229.75,229.5,230.0,0.005437192979097119,0.2616029466835636,8692,0.02078414271714599
230.25,230.0,230.5,0.01727826639511241,0.8313196570219185,8692,0.02078414271714599
230.75,230.5,231.0,0.01668181435635528,0.8026222001734777,8692,0.02078414271714599
231.25,231.0,231.5,0.011262826115228896,0.5418951490329003,8692,0.02078414271714599
231.75,231.5,232.0,0.010954379020792066,0.5270546478568583,8692,0.02078414271714599
232.25,232.0,232.5,0.005279002281572188,0.25399182219900973,8692,0.02078414271714599
232.75,232.5,233.0,0.010933435176757867,0.5260469640510249,8692,0.02078414271714599
233.25,233.0,233.5,0.010660023680266828,0.5128921517399313,8692,0.02078414271714599
233.75,233.5,234.0,0.0054886120019861885,0.2640769011588016,8692,0.02078414271714599
234.25,234.0,234.5,0.0,0.0,8692,0.02078414271714599
234.75,234.5,235.0,0.0235867714362818,1.1348445667101663,8692,0.02078414271714599
235.25,235.0,235.5,0.008287689682666367,0.3987506146130046,8692,0.02078414271714599
235.75,235.5,236.0,0.015901409336472896,0.7650741025442893,8692,0.02078414271714599
236.25,236.0,236.5,0.005451924924163039,0.26231175364598724,8692,0.02078414271714599
236.75,236.5,237.0,0.015631589866997614,0.7520921155964855,8692,0.02078414271714599
237.25,237.0,237.5,0.01053154867044827,0.5067107560688665,8692,0.02078414271714599
237.75,237.5,238.0,0.004966786147764851,0.2389699789574421,8692,0.02078414271714599
238.25,238.0,238.5,0.010207875035015126,0.4911376511379555,8692,0.02078414271714599
238.75,238.5,239.0,0.005027592645918635,0.24189559869462865,8692,0.02078414271714599
239.25,239.0,239.5,0.015177702112703603,0.7302539401917538,8692,0.02078414271714599
239.75,239.5,240.0,0.0,0.0,8692,0.02078414271714599
240.25,240.0,240.5,0.0,0.0,8692,0.02078414271714599
240.75,240.5,241.0,0.027816816930136833,1.338367298026163,8692,0.02078414271714599
241.25,241.0,241.5,0.010001995381747094,0.4812320391495336,8692,0.02078414271714599
241.75,241.5,242.0,0.014933785545833075,0.7185182352271555,8692,0.02078414271714599
242.25,242.0,242.5,0.005097673709033134,0.24526745117217563,8692,0.02078414271714599
242.75,242.5,243.0,0.004847585750047921,0.23323481829485704,8692,0.02078414271714599
243.25,243.0,243.5,0.014667343306219015,0.7056987389775337,8692,0.02078414271714599
243.75,243.5,244.0,0.0,0.0,8692,0.02078414271714599
244.25,244.0,244.5,0.009599343727858855,0.46185901716022304,8692,0.02078414271714599
244.75,244.5,245.0,0.009379812516472255,0.4512965795184965,8692,0.02078414271714599
245.25,245.0,245.5,0.014273550743167017,0.6867519597713296,8692,0.02078414271714599
245.75,245.5,246.0,0.0,0.0,8692,0.02078414271714599
246.25,246.0,246.5,0.017196428227453313,0.8273821278790117,8692,0.02078414271714599
246.75,246.5,247.0,0.01420310855594767,0.6833627323118187,8692,0.02078414271714599
247.25,247.0,247.5,0.011654429645636162,0.5607366059905746,8692,0.02078414271714599
247.75,247.5,248.0,0.004690030531437608,0.2256542689907793,8692,0.02078414271714599
248.25,248.0,248.5,0.009306286976428506,0.44775900084400566,8692,0.02078414271714599
248.75,248.5,249.0,0.009303187777030285,0.44760988719325767,8692,0.02078414271714599
249.25,249.0,249.5,0.009082630407278917,0.43699807737492835,8692,0.02078414271714599
249.75,249.5,250.0,0.0046633244907781065,0.22436934514172055,8692,0.02078414271714599
250.25,250.0,250.5,0.004384425989722134,0.210950533269057,8692,0.02078414271714599
250.75,250.5,251.0,0.008833452786756046,0.4250092441613597,8692,0.02078414271714599
251.25,251.0,251.5,0.013809951549541778,0.6644465320260327,8692,0.02078414271714599
251.75,251.5,252.0,0.013767975600204518,0.662426917846679,8692,0.02078414271714599
252.25,252.0,252.5,0.00916452221877605,0.4409381875161841,8692,0.02078414271714599
252.75,252.5,253.0,0.01335906569379691,0.6427527887775846,8692,0.02078414271714599
253.25,253.0,253.5,0.0021273415956121066,0.1023540698581301,8692,0.02078414271714599
253.75,253.5,254.0,0.013210581504723934,0.6356086793912261,8692,0.02078414271714599
254.25,254.0,254.5,0.004241982338758081,0.20409705593768054,8692,0.02078414271714599
254.75,254.5,255.0,0.008772387130203594,0.42207115537975815,8692,0.02078414271714599
255.25,255.0,255.5,0.008565515279221047,0.4121178051839915,8692,0.02078414271714599
255.75,255.5,256.0,0.004399259516293018,0.21166422768372473,8692,0.02078414271714599
256.25,256.0,256.5,0.004130265083092384,0.19872193620404172,8692,0.02078414271714599
256.75,256.5,257.0,0.019391759483488306,0.9330074252950048,8692,0.02078414271714599
257.25,257.0,257.5,0.013158409264442306,0.6330984849130777,8692,0.02078414271714599
257.75,257.5,258.0,0.008524779569517147,0.410157863402496,8692,0.02078414271714599
258.25,258.0,258.5,0.004253995517238398,0.2046750532428283,8692,0.02078414271714599
258.75,258.5,259.0,0.008507686569469045,0.40933545757702017,8692,0.02078414271714599
259.25,259.0,259.5,0.010388557568824548,0.4998309389135618,8692,0.02078414271714599
259.75,259.5,260.0,0.008181653647222618,0.3936488388560342,8692,0.02078414271714599
260.25,260.0,260.5,0.008227292610018663,0.3958446938122453,8692,0.02078414271714599
260.75,260.5,261.0,0.004060109012847713,0.19534647486318038,8692,0.02078414271714599
261.25,261.0,261.5,0.008084489547034203,0.38897392387345664,8692,0.02078414271714599
261.75,261.5,262.0,0.004155696017935122,0.19994551011752137,8692,0.02078414271714599
262.25,262.0,262.5,0.008528212037236301,0.4103230117930679,8692,0.02078414271714599
262.75,262.5,263.0,0.01617759112193972,0.778362203440507,8692,0.02078414271714599
263.25,263.0,263.5,0.012098044452149313,0.5820805128598817,8692,0.02078414271714599
263.75,263.5,264.0,0.008047851398055484,0.38721113050365874,8692,0.02078414271714599
264.25,264.0,264.5,0.008143225402497895,0.39179991752943927,8692,0.02078414271714599
264.75,264.5,265.0,0.003926277941739344,0.18890737978335476,8692,0.02078414271714599
265.25,265.0,265.5,0.007914800187728733,0.38080955733619826,8692,0.02078414271714599
265.75,265.5,266.0,0.009611863433309718,0.46246138530315034,8692,0.02078414271714599
266.25,266.0,266.5,0.007767323985461409,0.37371394582725387,8692,0.02078414271714599
266.75,266.5,267.0,0.003836702788359152,0.18459759637784065,8692,0.02078414271714599
267.25,267.0,267.5,0.009544484517576453,0.45921954287307115,8692,0.02078414271714599
267.75,267.5,268.0,0.012153516804508333,0.5847494876217446,8692,0.02078414271714599
268.25,268.0,268.5,0.004020319702665492,0.1934320677729425,8692,0.02078414271714599
268.75,268.5,269.0,0.011530203421302466,0.5547596346993212,8692,0.02078414271714599
269.25,269.0,269.5,0.01513603074629425,0.7282489805946002,8692,0.02078414271714599
269.75,269.5,270.0,0.0,0.0,8692,0.02078414271714599
270.25,270.0,270.5,0.011352638946579386,0.5462163679820177,8692,0.02078414271714599
270.75,270.5,271.0,0.007561122567490212,0.36379285257951116,8692,0.02078414271714599
271.25,271.0,271.5,0.0036415410733787175,0.17520766302160776,8692,0.02078414271714599
271.75,271.5,272.0,0.005518974234072574,0.2655377375521804,8692,0.02078414271714599
272.25,272.0,272.5,0.007338391537472809,0.3530764601331843,8692,0.02078414271714599
272.75,272.5,273.0,0.007416786021096756,0.3568483012281396,8692,0.02078414271714599
273.25,273.0,273.5,0.018719675612340697,0.9006710484574281,8692,0.02078414271714599
273.75,273.5,274.0,0.0073575834174443525,0.35399985063491096,8692,0.02078414271714599
274.25,274.0,274.5,0.003784930163307916,0.18210662882840567,8692,0.02078414271714599
274.75,274.5,275.0,0.010873435293779628,0.5231601534765025,8692,0.02078414271714599
275.25,275.0,275.5,0.010567338797324322,0.5084327480395301,8692,0.02078414271714599
275.75,275.5,276.0,0.007313250914834178,0.3518668541859594,8692,0.02078414271714599
276.25,276.0,276.5,0.0034409314980460037,0.16555561347292852,8692,0.02078414271714599
276.75,276.5,277.0,0.0036485739222260386,0.17554603872192082,8692,0.02078414271714599
277.25,277.0,277.5,0.006946076454101439,0.3342007677983868,8692,0.02078414271714599
277.75,277.5,278.0,0.008818672663844175,0.4242981191891626,8692,0.02078414271714599
278.25,278.0,278.5,0.01255545868240396,0.6040883597304336,8692,0.02078414271714599
278.75,278.5,279.0,0.006996991898622772,0.3366504933037515,8692,0.02078414271714599
279.25,279.0,279.5,0.014064407381295774,0.6766893190015129,8692,0.02078414271714599
279.75,279.5,280.0,0.006938726789227495,0.33384714893741346,8692,0.02078414271714599
280.25,280.0,280.5,0.0034874811877188315,0.167795286780908,8692,0.02078414271714599
280.75,280.5,281.0,0.00355328026477101,0.1709611174792267,8692,0.02078414271714599
281.25,281.0,281.5,0.009986919417609692,0.48050668018993775,8692,0.02078414271714599
281.75,281.5,282.0,0.010184719893597701,0.49002357384679435,8692,0.02078414271714599
282.25,282.0,282.5,0.003249963165790544,0.1563674388700896,8692,0.02078414271714599
282.75,282.5,283.0,0.003462086083238413,0.16657343679527117,8692,0.02078414271714599
283.25,283.0,283.5,0.0033171047411264076,0.15959786199841403,8692,0.02078414271714599
283.75,283.5,284.0,0.02054777673526238,0.9886275808870086,8692,0.02078414271714599
284.25,284.0,284.5,0.008216816290704679,0.3953406403395302,8692,0.02078414271714599
284.75,284.5,285.0,0.009976065217187531,0.479984445495446,8692,0.02078414271714599
285.25,285.0,285.5,0.006525808003509137,0.31398013823902565,8692,0.02078414271714599
285.75,285.5,286.0,0.006575398382081324,0.3163661100468153,8692,0.02078414271714599
286.25,286.0,286.5,0.006688788785014932,0.32182173092455624,8692,0.02078414271714599
286.75,286.5,287.0,0.0,0.0,8692,0.02078414271714599
287.25,287.0,287.5,0.012778416545085443,0.6148156659136015,8692,0.02078414271714599
287.75,287.5,288.0,0.0063166302302225495,0.30391584181201814,8692,0.02078414271714599
288.25,288.0,288.5,0.0032928554655204177,0.15843114196882216,8692,0.02078414271714599
288.75,288.5,289.0,0.008121486413387934,0.39075397642877374,8692,0.02078414271714599
289.25,289.0,289.5,0.009828966468645318,0.4729069946453389,8692,0.02078414271714599
289.75,289.5,290.0,0.012803917427743903,0.6160426052685465,8692,0.02078414271714599
290.25,290.0,290.5,0.0014907291756321773,0.07172435235456655,8692,0.02078414271714599
290.75,290.5,291.0,0.009455028665335877,0.4549154994752755,8692,0.02078414271714599
291.25,291.0,291.5,0.012414042441655617,0.5972843148067197,8692,0.02078414271714599
291.75,291.5,292.0,0.0,0.0,8692,0.02078414271714599
292.25,292.0,292.5,0.009335067608093753,0.44914374074196184,8692,0.02078414271714599
292.75,292.5,293.0,0.0,0.0,8692,0.02078414271714599
293.25,293.0,293.5,0.012097576906264375,0.5820580175425958,8692,0.02078414271714599
293.75,293.5,294.0,0.0059808905699687285,0.2877621969480974,8692,0.02078414271714599
294.25,294.0,294.5,0.009572083335527245,0.46054742145466043,8692,0.02078414271714599
294.75,294.5,295.0,0.006103743013490858,0.2936730706942049,8692,0.02078414271714599
295.25,295.0,295.5,0.009236741801909271,0.4444129318978055,8692,0.02078414271714599
295.75,295.5,296.0,0.009077970819731636,0.436773887827604,8692,0.02078414271714599
296.25,296.0,296.5,0.0031334667070235292,0.15076237445379737,8692,0.02078414271714599
296.75,296.5,297.0,0.010352909487816097,0.4981157812814386,8692,0.02078414271714599
297.25,297.0,297.5,0.008665729278009135,0.41693946177824764,8692,0.02078414271714599
297.75,297.5,298.0,0.0030613447582911652,0.14729232761501837,8692,0.02078414271714599
298.25,298.0,298.5,0.005798306234738707,0.2789774066531675,8692,0.02078414271714599
298.75,298.5,299.0,0.0030192233678938305,0.14526571574218003,8692,0.02078414271714599
299.25,299.0,299.5,0.0028795516022871426,0.13854560380359787,8692,0.02078414271714599
299.75,299.5,300.0,0.016189642360657668,0.778942031960834,8692,0.02078414271714599
300.25,300.0,300.5,0.008773093397058672,0.422105136423128,8692,0.02078414271714599
300.75,300.5,301.0,0.005791511989058918,0.2786505110110305,8692,0.02078414271714599
301.25,301.0,301.5,0.00875928963983495,0.421440987922438,8692,0.02078414271714599
301.75,301.5,302.0,0.008591843872979283,0.41338456870253276,8692,0.02078414271714599
302.25,302.0,302.5,0.0,0.0,8692,0.02078414271714599
302.75,302.5,303.0,0.009822071717149045,0.4725752633062067,8692,0.02078414271714599
303.25,303.0,303.5,0.008199100656333159,0.3944882773331453,8692,0.02078414271714599
303.75,303.5,304.0,0.002913336208811139,0.14017110296340327,8692,0.02078414271714599
304.25,304.0,304.5,0.005492079116361888,0.2642437165248662,8692,0.02078414271714599
304.75,304.5,305.0,0.005846491051475045,0.2812957518162128,8692,0.02078414271714599
305.25,305.0,305.5,0.0086401884192923,0.4157105990310839,8692,0.02078414271714599
305.75,305.5,306.0,0.01378525957766081,0.6632585122834335,8692,0.02078414271714599
306.25,306.0,306.5,0.005504766358215094,0.2648541454478133,8692,0.02078414271714599
306.75,306.5,307.0,0.005485048002214105,0.26390542428719876,8692,0.02078414271714599
307.25,307.0,307.5,0.005437500646365673,0.2616177496645064,8692,0.02078414271714599
307.75,307.5,308.0,0.005557194943543567,0.2673766736098828,8692,0.02078414271714599
308.25,308.0,308.5,0.0054120189578112056,0.26039173380706876,8692,0.02078414271714599
308.75,308.5,309.0,0.0039897489284466065,0.1919611976661054,8692,0.02078414271714599
309.25,309.0,309.5,0.007938173117503031,0.38193411320999027,8692,0.02078414271714599
309.75,309.5,310.0,0.005105346466211116,0.24563661516813165,8692,0.02078414271714599
310.25,310.0,310.5,0.006967250544402388,0.3352195295817863,8692,0.02078414271714599
310.75,310.5,311.0,0.010928832471336856,0.5258255113077652,8692,0.02078414271714599
311.25,311.0,311.5,0.0053935084543931325,0.25950112678661164,8692,0.02078414271714599
311.75,311.5,312.0,0.010622395014282355,0.5110817010277433,8692,0.02078414271714599
312.25,312.0,312.5,0.004899791822400185,0.2357466405558347,8692,0.02078414271714599
312.75,312.5,313.0,0.0027594702030181322,0.13276805498172856,8692,0.02078414271714599
313.25,313.0,313.5,0.010331612999745006,0.4970911305002677,8692,0.02078414271714599
313.75,313.5,314.0,0.002559000979411686,0.12312275826034548,8692,0.02078414271714599
314.25,314.0,314.5,0.005138062977564133,0.24721072442047176,8692,0.02078414271714599
314.75,314.5,315.0,0.0025913644195317514,0.12467987998340636,8692,0.02078414271714599
315.25,315.0,315.5,0.008723008967865391,0.4196953940596885,8692,0.02078414271714599
315.75,315.5,316.0,0.010332397639904602,0.49712888236572944,8692,0.02078414271714599
316.25,316.0,316.5,0.010599563027460835,0.509983171868651,8692,0.02078414271714599
316.75,316.5,317.0,0.005082709801979775,0.24454748368268112,8692,0.02078414271714599
317.25,317.0,317.5,0.005113950278886964,0.24605057559906876,8692,0.02078414271714599
317.75,317.5,318.0,0.007421759534098657,0.3570875948602891,8692,0.02078414271714599
318.25,318.0,318.5,0.004960013642486795,0.23864412932437212,8692,0.02078414271714599
318.75,318.5,319.0,0.002317553230337055,0.11150583701608136,8692,0.02078414271714599
319.25,319.0,319.5,0.007427729000076304,0.3573748073789331,8692,0.02078414271714599
319.75,319.5,320.0,0.00736319585401135,0.35426988518208363,8692,0.02078414271714599
320.25,320.0,320.5,0.0023156184804281844,0.11141274922626,8692,0.02078414271714599
320.75,320.5,321.0,0.0035700941686678755,0.17177009498316748,8692,0.02078414271714599
321.25,321.0,321.5,0.011430096938789675,0.5499431511004953,8692,0.02078414271714599
321.75,321.5,322.0,0.012173399690356827,0.5857061249061919,8692,0.02078414271714599
322.25,322.0,322.5,0.007477006718865206,0.35974573599790616,8692,0.02078414271714599
322.75,322.5,323.0,0.0022520641087102247,0.10835491939017394,8692,0.02078414271714599
323.25,323.0,323.5,0.0025585734131316333,0.12310218650591367,8692,0.02078414271714599
323.75,323.5,324.0,0.009614844949014852,0.4626048367673608,8692,0.02078414271714599
324.25,324.0,324.5,0.004446243584607493,0.2139248005134001,8692,0.02078414271714599
324.75,324.5,325.0,0.007069158162914917,0.3401226723237989,8692,0.02078414271714599
325.25,325.0,325.5,0.002191513630499188,0.10544161769497892,8692,0.02078414271714599
325.75,325.5,326.0,0.0069874183466897225,0.3361898752227781,8692,0.02078414271714599
326.25,326.0,326.5,0.009657693441665303,0.4646664321496473,8692,0.02078414271714599
326.75,326.5,327.0,0.004952488173774434,0.2382820519072385,8692,0.02078414271714599
327.25,327.0,327.5,0.003598341280696087,0.17312916532889355,8692,0.02078414271714599
327.75,327.5,328.0,0.009066609395773946,0.4362272487810815,8692,0.02078414271714599
328.25,328.0,328.5,0.009253858124356891,0.4452364598479624,8692,0.02078414271714599
328.75,328.5,329.0,0.004580119995896669,0.2203660770727038,8692,0.02078414271714599
329.25,329.0,329.5,0.0023163937509671326,0.11145005028550978,8692,0.02078414271714599
329.75,329.5,330.0,0.00682513264452227,0.32838172530887405,8692,0.02078414271714599
330.25,330.0,330.5,0.0021243986426668503,0.10221247378725494,8692,0.02078414271714599
330.75,330.5,331.0,0.00880210727734636,0.4235010987528013,8692,0.02078414271714599
331.25,331.0,331.5,0.0,0.0,8692,0.02078414271714599
331.75,331.5,332.0,0.01489142974881368,0.7164803452070657,8692,0.02078414271714599
332.25,332.0,332.5,0.004670985141810301,0.2247379266673793,8692,0.02078414271714599
332.75,332.5,333.0,0.006790014774636114,0.32669207804441486,8692,0.02078414271714599
333.25,333.0,333.5,0.002405745137464509,0.1157490674599668,8692,0.02078414271714599
333.75,333.5,334.0,0.0118474165979996,0.570021903680733,8692,0.02078414271714599
334.25,334.0,334.5,0.004183268793989295,0.20127213572962452,8692,0.02078414271714599
334.75,334.5,335.0,0.0023444180974070113,0.11279840257606444,8692,0.02078414271714599
335.25,335.0,335.5,0.006524821822109727,0.31393268949827985,8692,0.02078414271714599
335.75,335.5,336.0,0.004178760401198102,0.20105522070683296,8692,0.02078414271714599
336.25,336.0,336.5,0.004279071393673371,0.20588154401688785,8692,0.02078414271714599
336.75,336.5,337.0,0.00412524029726725,0.1984801756516092,8692,0.02078414271714599
337.25,337.0,337.5,0.01136522105115604,0.5468217383717366,8692,0.02078414271714599
337.75,337.5,338.0,0.008387624382876874,0.40355883314626484,8692,0.02078414271714599
338.25,338.0,338.5,0.00444628666165754,0.21392687310550232,8692,0.02078414271714599
338.75,338.5,339.0,0.006447676142698682,0.3102209328739663,8692,0.02078414271714599
339.25,339.0,339.5,0.002280933086796926,0.10974390995281505,8692,0.02078414271714599
339.75,339.5,340.0,0.0070205146939253124,0.33778225974813486,8692,0.02078414271714599
340.25,340.0,340.5,0.008160660115362636,0.3926387643898565,8692,0.02078414271714599
340.75,340.5,341.0,0.0,0.0,8692,0.02078414271714599
341.25,341.0,341.5,0.006207899167886388,0.29868439859995516,8692,0.02078414271714599
341.75,341.5,342.0,0.003956860213147728,0.19037880306140773,8692,0.02078414271714599
342.25,342.0,342.5,0.007549449121821177,0.3632312010441123,8692,0.02078414271714599
342.75,342.5,343.0,0.008517017989903213,0.40978442583908226,8692,0.02078414271714599
343.25,343.0,343.5,0.006261355672517012,0.30125638366367036,8692,0.02078414271714599
343.75,343.5,344.0,0.007950142456399698,0.38251000123479645,8692,0.02078414271714599
344.25,344.0,344.5,0.006311682318027992,0.30367777992696016,8692,0.02078414271714599
344.75,344.5,345.0,0.0018450984702267086,0.08877433605691057,8692,0.02078414271714599
345.25,345.0,345.5,0.00218676743408613,0.10521326108303444,8692,0.02078414271714599
345.75,345.5,346.0,0.007000798475649009,0.336833641441158,8692,0.02078414271714599
346.25,346.0,346.5,0.0055995323847349955,0.26941368046494557,8692,0.02078414271714599
346.75,346.5,347.0,0.00391860468204902,0.18853819160971916,8692,0.02078414271714599
347.25,347.0,347.5,0.0037939914121665253,0.18254259816242754,8692,0.02078414271714599
347.75,347.5,348.0,0.01031515700546956,0.49629937331791013,8692,0.02078414271714599
348.25,348.0,348.5,0.004443550899104216,0.21379524571097583,8692,0.02078414271714599
348.75,348.5,349.0,0.005931362743669154,0.2853792347555449,8692,0.02078414271714599
349.25,349.0,349.5,0.007707073192674019,0.3708150630776812,8692,0.02078414271714599
349.75,349.5,350.0,0.0018488795130385885,0.08895625565125403,8692,0.02078414271714599
350.25,350.0,350.5,0.00956435210778472,0.4601754442291506,8692,0.02078414271714599
350.75,350.5,351.0,0.002100685981597283,0.10107157221665491,8692,0.02078414271714599
351.25,351.0,351.5,0.001741719289189135,0.08380039113916853,8692,0.02078414271714599
351.75,351.5,352.0,0.005807890463573848,0.27943853843837385,8692,0.02078414271714599
352.25,352.0,352.5,0.006152116921524527,0.29600051372093905,8692,0.02078414271714599
352.75,352.5,353.0,0.0037281914597137407,0.1793767253454312,8692,0.02078414271714599
353.25,353.0,353.5,0.007335721582596378,0.3529479989831255,8692,0.02078414271714599
353.75,353.5,354.0,0.011515942874555258,0.5540735084086542,8692,0.02078414271714599
354.25,354.0,354.5,0.0021088793862020553,0.10146578643642222,8692,0.02078414271714599
354.75,354.5,355.0,0.005492620176510811,0.26426974887829485,8692,0.02078414271714599
355.25,355.0,355.5,0.003735151834225137,0.17971161404428787,8692,0.02078414271714599
355.75,355.5,356.0,0.005454119679559063,0.26241735123670307,8692,0.02078414271714599
356.25,356.0,356.5,0.007051885778227404,0.33929163565692383,8692,0.02078414271714599
356.75,356.5,357.0,0.002015051177689923,0.0969513732229906,8692,0.02078414271714599
357.25,357.0,357.5,0.003626075442023552,0.1744635557680328,8692,0.02078414271714599
357.75,357.5,358.0,0.003554668482168028,0.17102790962051975,8692,0.02078414271714599
358.25,358.0,358.5,0.009872361530019072,0.474994887418417,8692,0.02078414271714599
358.75,358.5,359.0,0.005807477025518809,0.27941864644375736,8692,0.02078414271714599
359.25,359.0,359.5,0.003888079628678092,0.1870695212976285,8692,0.02078414271714599
359.75,359.5,360.0,0.005554329655690957,0.2672388142864744,8692,0.02078414271714599
360.25,360.0,360.5,0.005382737226292528,0.25898288418949367,8692,0.02078414271714599
360.75,360.5,361.0,0.007222806042930299,0.34751522548831454,8692,0.02078414271714599
361.25,361.0,361.5,0.0035321920096071466,0.169946485533572,8692,0.02078414271714599
361.75,361.5,362.0,0.0032183159508931674,0.15484477732334856,8692,0.02078414271714599
362.25,362.0,362.5,0.0086265436877359,0.415054101828284,8692,0.02078414271714599
362.75,362.5,363.0,0.0,0.0,8692,0.02078414271714599
363.25,363.0,363.5,0.003453055868426866,0.166138960621082,8692,0.02078414271714599
363.75,363.5,364.0,0.004839191963822728,0.23283096299327324,8692,0.02078414271714599
364.25,364.0,364.5,0.009954476389950302,0.47894572922357304,8692,0.02078414271714599
364.75,364.5,365.0,0.005074540975807848,0.2441544520198843,8692,0.02078414271714599
365.25,365.0,365.5,0.0070371555764350505,0.3385829125696732,8692,0.02078414271714599
365.75,365.5,366.0,0.0034639000387807904,0.16666071273284838,8692,0.02078414271714599
366.25,366.0,366.5,0.0051023574677193685,0.24549280368009363,8692,0.02078414271714599
366.75,366.5,367.0,0.004968176036811372,0.23903685152781637,8692,0.02078414271714599
367.25,367.0,367.5,0.0018914199040073153,0.09100302715141473,8692,0.02078414271714599
367.75,367.5,368.0,0.0029423248955025793,0.14156585313837805,8692,0.02078414271714599
368.25,368.0,368.5,0.008307167005585134,0.39968773880349134,8692,0.02078414271714599
368.75,368.5,369.0,0.0014655837153764184,0.07051451365214968,8692,0.02078414271714599
369.25,369.0,369.5,0.01091728340318842,0.5252698440230661,8692,0.02078414271714599
369.75,369.5,370.0,0.0019543075767423667,0.09402877969704039,8692,0.02078414271714599
370.25,370.0,370.5,0.00682104644963155,0.32818512374842823,8692,0.02078414271714599
370.75,370.5,371.0,0.005520919588916496,0.2656313355836411,8692,0.02078414271714599
371.25,371.0,371.5,0.006691393380067743,0.3219470473779822,8692,0.02078414271714599
371.75,371.5,372.0,0.0,0.0,8692,0.02078414271714599
372.25,372.0,372.5,0.006287542618463602,0.30251633199557754,8692,0.02078414271714599
372.75,372.5,373.0,0.005114978824615983,0.24610006264036832,8692,0.02078414271714599
373.25,373.0,373.5,0.0014265232728728969,0.06863517501234626,8692,0.02078414271714599
373.75,373.5,374.0,0.004827502233776566,0.23226852795781142,8692,0.02078414271714599
374.25,374.0,374.5,0.0065156237097144295,0.3134901351663319,8692,0.02078414271714599
374.75,374.5,375.0,0.009184955457308389,0.4419213042513998,8692,0.02078414271714599
375.25,375.0,375.5,0.0034997689611699166,0.16838649583957885,8692,0.02078414271714599
375.75,375.5,376.0,0.004956200868355786,0.23846068302192427,8692,0.02078414271714599
376.25,376.0,376.5,0.0047870544481843046,0.2303224392428367,8692,0.02078414271714599
376.75,376.5,377.0,0.006788716469611795,0.32662961191136386,8692,0.02078414271714599
377.25,377.0,377.5,0.003009778091977168,0.1448112694825866,8692,0.02078414271714599
377.75,377.5,378.0,0.0017797032322382654,0.08562793551114763,8692,0.02078414271714599
378.25,378.0,378.5,0.005828772959052161,0.2804432705441193,8692,0.02078414271714599
378.75,378.5,379.0,0.0032680348044893297,0.1572369305274904,8692,0.02078414271714599
379.25,379.0,379.5,0.0013481364220462781,0.06486370115877456,8692,0.02078414271714599
379.75,379.5,380.0,0.00833220243374888,0.40089228346547023,8692,0.02078414271714599
380.25,380.0,380.5,0.007892248478649307,0.37972451334923496,8692,0.02078414271714599
380.75,380.5,381.0,0.0061573734927430224,0.29625342630386503,8692,0.02078414271714599
381.25,381.0,381.5,0.0033351767887652537,0.16046737333139469,8692,0.02078414271714599
381.75,381.5,382.0,0.004714440072641113,0.22682869997577096,8692,0.02078414271714599
382.25,382.0,382.5,0.002800435779710534,0.1347390564923469,8692,0.02078414271714599
382.75,382.5,383.0,0.004552466297099036,0.21903555797581464,8692,0.02078414271714599
383.25,383.0,383.5,0.005204194714061607,0.2503925605634135,8692,0.02078414271714599
383.75,383.5,384.0,0.0012649477618254194,0.0608611949523371,8692,0.02078414271714599
384.25,384.0,384.5,0.007213611306578249,0.3470728335899725,8692,0.02078414271714599
384.75,384.5,385.0,0.0014469015191512127,0.06961564587206108,8692,0.02078414271714599
385.25,385.0,385.5,0.007441301371118282,0.35802782305663927,8692,0.02078414271714599
385.75,385.5,386.0,0.00508539701285747,0.24467677508114125,8692,0.02078414271714599
386.25,386.0,386.5,0.008563493664890747,0.4120205380338467,8692,0.02078414271714599
386.75,386.5,387.0,0.0030170983148134333,0.14516347178103534,8692,0.02078414271714599
387.25,387.0,387.5,0.0026941021389915993,0.12962296187319217,8692,0.02078414271714599
387.75,387.5,388.0,0.004503397018890874,0.21667465818427875,8692,0.02078414271714599
388.25,388.0,388.5,0.004336665717733873,0.20865261448365235,8692,0.02078414271714599
388.75,388.5,389.0,0.0029490062858121783,0.14188731890199058,8692,0.02078414271714599
389.25,389.0,389.5,0.004673470997877177,0.2248575301603261,8692,0.02078414271714599
389.75,389.5,390.0,0.0011902203543680831,0.05726579010575233,8692,0.02078414271714599
390.25,390.0,390.5,0.00441260703541299,0.2123064249252285,8692,0.02078414271714599
390.75,390.5,391.0,0.009088548039977544,0.4372827960077419,8692,0.02078414271714599
391.25,391.0,391.5,0.003311340448414317,0.15932052110490025,8692,0.02078414271714599
391.75,391.5,392.0,0.004358876237032369,0.20972124260080693,8692,0.02078414271714599
392.25,392.0,392.5,0.006995526772663403,0.3365800008143904,8692,0.02078414271714599
392.75,392.5,393.0,0.004037062464940133,0.1942376223970853,8692,0.02078414271714599
393.25,393.0,393.5,0.005696967768631609,0.2741016478842721,8692,0.02078414271714599
393.75,393.5,394.0,0.0,0.0,8692,0.02078414271714599
394.25,394.0,394.5,0.0052979234976343,0.2549021900847394,8692,0.02078414271714599
394.75,394.5,395.0,0.004396633394832798,0.2115378755172698,8692,0.02078414271714599
395.25,395.0,395.5,0.001733522551583999,0.08340601655674354,8692,0.02078414271714599
395.75,395.5,396.0,0.006348403808647667,0.30544458316341894,8692,0.02078414271714599
396.25,396.0,396.5,0.006065511584160085,0.29183361886542036,8692,0.02078414271714599
396.75,396.5,397.0,0.006812423994281002,0.327770266351234,8692,0.02078414271714599
397.25,397.0,397.5,0.0016562014239247236,0.07968581848499488,8692,0.02078414271714599
397.75,397.5,398.0,0.004141375911969119,0.19925651821822166,8692,0.02078414271714599
398.25,398.0,398.5,0.006649002955592645,0.31990749130622137,8692,0.02078414271714599
398.75,398.5,399.0,0.0038135606873726043,0.18348414650879907,8692,0.02078414271714599
399.25,399.0,399.5,0.0038553855203473947,0.18549648993541956,8692,0.02078414271714599
399.75,399.5,400.0,0.0015507431708621255,0.07461184192037093,8692,0.02078414271714599
